{"loss": [1.3465086221694946, 0.41872909665107727, 0.23783299326896667, 0.16242334246635437, 0.1216018870472908, 0.09742120653390884, 0.08045613765716553, 0.06785563379526138, 0.06074511259794235, 0.05131820961833], "accuracy": [0.6009957790374756, 0.8669464588165283, 0.922640323638916, 0.9475069642066956, 0.9606088399887085, 0.9685183763504028, 0.9731559753417969, 0.9781492352485657, 0.9805391430854797, 0.9837684035301208], "val_loss": [0.6114228367805481, 0.268420547246933, 0.22025643289089203, 0.1555047333240509, 0.16270332038402557, 0.13059526681900024, 0.0881335511803627, 0.16246852278709412, 0.1028662621974945, 0.12857697904109955], "val_accuracy": [0.8035510778427124, 0.9127020239830017, 0.9282950162887573, 0.9500341415405273, 0.9492374062538147, 0.9603915214538574, 0.9744479656219482, 0.9532210230827332, 0.9712041616439819, 0.9614728093147278]}